quarter,cpi_yoy_pct,source_name,source_url,quote
2012Q1,14.15,GSO Báo cáo tình hình KT-XH quý I năm 2012,https://www.nso.gov.vn/du-lieu-va-so-lieu-thong-ke/2019/12/tinh-hinh-kinh-te-xa-hoi-quy-i-nam-2012/,"Chỉ số giá tiêu dùng tháng 3/2012 tăng 2,55% so với tháng 12/2011; tăng 14,15% so với cùng kỳ năm trước."
2012Q2,6.9,GSO Báo cáo tình hình KT-XH quý II và 6 tháng năm 2012,https://www.nso.gov.vn/du-lieu-va-so-lieu-thong-ke/2019/12/tinh-hinh-kinh-te-xa-hoi-sau-thang-dau-nam-2012/,"Chỉ số giá tiêu dùng tháng 6/2012 tăng 2,52% so với tháng 12/2011; tăng 6,9% so với cùng kỳ năm 2011."
2012Q3,6.48,GSO Báo cáo tình hình KT-XH tháng 9 và 9 tháng năm 2012,https://www.nso.gov.vn/du-lieu-va-so-lieu-thong-ke/2019/12/tinh-hinh-kinh-te-xa-hoi-chin-thang-nam-2012/,"Chỉ số giá tiêu dùng tháng 9/2012 tăng 5,13% so với tháng 12/2011 và tăng 6,48% so với cùng kỳ năm trước."
2012Q4,6.81,GSO Báo cáo tình hình KT-XH quý IV và năm 2012,https://www.nso.gov.vn/du-lieu-va-so-lieu-thong-ke/2019/12/tinh-hinh-kinh-te-xa-hoi-thang-muoi-hai-va-nam-2012/,"Chỉ số giá tiêu dùng tháng 12/2012 tăng 0,27% so với tháng trước và tăng 6,81% so với tháng 12/2011."
2013Q1,6.64,GSO Báo cáo tình hình KT-XH quý I năm 2013,https://www.nso.gov.vn/du-lieu-va-so-lieu-thong-ke/2019/07/tinh-hinh-kinh-te-xa-hoi-quy-i-nam-2013/,"Chỉ số giá tiêu dùng tháng 3/2013 tăng 2,39% so với tháng 12/2012 và tăng 6,64% so với cùng kỳ năm trước."
2013Q2,6.69,GSO Báo cáo tình hình KT-XH quý II và 6 tháng năm 2013,https://www.nso.gov.vn/du-lieu-va-so-lieu-thong-ke/2019/07/tinh-hinh-kinh-te-xa-hoi-sau-thang-dau-nam-2013/,"Chỉ số giá tiêu dùng tháng 6/2013 tăng 2,4% so với tháng 12/2012 và tăng 6,69% so với cùng kỳ năm trước."
2013Q3,6.3,GSO Báo cáo tình hình KT-XH quý III và 9 tháng năm 2013,https://www.nso.gov.vn/du-lieu-va-so-lieu-thong-ke/2019/07/tinh-hinh-kinh-te-xa-hoi-chin-thang-nam-2013/,"Chỉ số giá tiêu dùng tháng 9/2013 tăng 4,63% so với tháng 12/2012 và tăng 6,30% so với cùng kỳ năm trước."
2013Q4,6.04,GSO Báo cáo tình hình KT-XH quý IV và năm 2013,https://www.nso.gov.vn/du-lieu-va-so-lieu-thong-ke/2019/07/tinh-hinh-kinh-te-xa-hoi-nam-2013/,"Chỉ số giá tiêu dùng tháng 12/2013 tăng 0,51% so với tháng trước và tăng 6,04% so với tháng 12/2012."
2014Q1,4.39,GSO Báo cáo tình hình KT-XH quý I năm 2014 [2850 triệu USD],https://www.nso.gov.vn/du-lieu-va-so-lieu-thong-ke/2019/07/bao-cao-tinh-hinh-kinh-te-xa-hoi-quy-i-nam-2014/,"Chỉ số giá tiêu dùng tháng 3/2014 tăng 0,8% so với tháng 12/2013, mức tăng thấp và giảm dần kể từ năm 2012 [9] và tăng 4,39% so với cùng kỳ năm trước."
2014Q2,4.98,GSO Báo cáo tình hình KT-XH quý II và 6 tháng năm 2014,https://www.nso.gov.vn/du-lieu-va-so-lieu-thong-ke/2019/07/tinh-hinh-kinh-te-xa-hoi-6-thang-dau-nam-2014/,"Chỉ số giá tiêu dùng tháng 6/2014 tăng 1,38% so với tháng 12/2013 và tăng 4,98% so với cùng kỳ năm trước."
2014Q3,3.62,GSO Báo cáo tình hình KT-XH quý III và 9 tháng năm 2014,https://www.nso.gov.vn/du-lieu-va-so-lieu-thong-ke/2019/07/tinh-hinh-kinh-te-xa-hoi-9-thang-nam-2014/,"CPI tháng 9/2014 tăng 2,25% so với tháng 12/2013 (Bình quân mỗi tháng tăng 0,25%) và tăng 3,62% so với cùng kỳ năm trước."
2014Q4,1.84,GSO Báo cáo tình hình KT-XH quý IV và năm 2014,https://www.nso.gov.vn/du-lieu-va-so-lieu-thong-ke/2019/07/tinh-hinh-kinh-te-xa-hoi-nam-2014/,"CPI tháng 12/2014 tăng 1,84% so với cùng kỳ năm 2013."
2015Q1,0.93,GSO Báo cáo tình hình KT-XH quý I năm 2015 [3050 triệu USD],https://www.nso.gov.vn/du-lieu-va-so-lieu-thong-ke/2019/05/tinh-hinh-kinh-te-xa-hoi-quy-i-nam-2015/,"Chỉ số giá tiêu dùng tháng 3/2015 giảm 0,1% so với tháng 12/2014 và tăng 0,93% so với cùng kỳ năm trước."
2015Q2,1.0,GSO Báo cáo tình hình KT-XH quý II và 6 tháng năm 2015,https://www.nso.gov.vn/du-lieu-va-so-lieu-thong-ke/2019/07/tinh-hinh-kinh-te-xa-hoi-6-thang-dau-nam-2015/,"Chỉ số giá tiêu dùng tháng 6/2015 tăng 0,55% so với tháng 12/2014 và tăng 1% so với cùng kỳ năm trước."
2015Q4,0.6,GSO Báo cáo tình hình KT-XH quý IV và năm 2015,https://www.nso.gov.vn/du-lieu-va-so-lieu-thong-ke/2020/11/bao-cao-tinh-hinh-kinh-te-xa-hoi-quy-iv-va-nam-2015/,"CPI tháng 12/2015 tăng 0,6% so với cùng kỳ năm 2014, bình quân mỗi tháng CPI tăng 0,05%."
2016Q1,1.69,GSO Báo cáo tình hình KT-XH quý I năm 2016,https://www.nso.gov.vn/du-lieu-va-so-lieu-thong-ke/2020/11/bc-tinh-hinh-kinh-te-xa-hoi-quy-i-nam-2016/,"Chỉ số giá tiêu dùng tháng 3/2016 tăng 0,99% so với tháng 12/2015 và tăng 1,69% so với cùng kỳ năm trước."
2016Q4,4.74,GSO Báo cáo tình hình KT-XH quý IV và năm 2016 (page slug mislabelled 2020),https://www.nso.gov.vn/du-lieu-va-so-lieu-thong-ke/2020/11/bao-cao-tinh-hinh-kinh-te-xa-hoi-quy-iv-va-nam-2020/,"CPI tháng 12/2016 tăng 4,74% so với tháng 12/2015, bình quân mỗi tháng tăng 0,4%."
2017Q1,4.65,GSO Báo cáo tình hình KT-XH quý I năm 2017 [3.620 triệu USD],https://www.nso.gov.vn/du-lieu-va-so-lieu-thong-ke/2019/05/bao-cao-tinh-hinh-kinh-te-xa-hoi-quy-i-nam-2017/,"CPI tháng 3/2017 tăng 0,90% so với tháng 12/2016 và tăng 4,65% so với cùng kỳ năm trước."
2017Q2,2.54,GSO Báo cáo tình hình KT-XH tháng 6 và 6 tháng năm 2017,https://www.nso.gov.vn/du-lieu-va-so-lieu-thong-ke/2019/10/bc-tinh-hinh-kinh-te-xa-hoi-6-thang-dau-nam-2017/,"CPI tháng 6/2017 tăng 0,20% so với tháng 12/2016 và tăng 2,54% so với cùng kỳ năm trước."
2017Q3,3.4,GSO Báo cáo tình hình KT-XH quý III và 9 tháng năm 2017,https://www.nso.gov.vn/du-lieu-va-so-lieu-thong-ke/2019/10/bao-cao-tinh-hinh-kinh-te-xa-hoi-9-thang-nam-2017/,"CPI tháng 9/2017 tăng 1,83% so với tháng 12/2016 và tăng 3,40% so với cùng kỳ năm trước."
2017Q4,2.6,GSO Báo cáo tình hình KT-XH quý IV và năm 2017,https://www.nso.gov.vn/du-lieu-va-so-lieu-thong-ke/2019/10/bao-cao-tinh-hinh-kinh-te-xa-hoi-nam-2017/,"CPI tháng 12/2017 tăng 2,6% so với tháng 12/2016, bình quân mỗi tháng tăng 0,21%."
2018Q1,2.66,GSO Báo cáo tình hình KT-XH quý I năm 2018 [3.880 triệu USD],https://www.nso.gov.vn/du-lieu-va-so-lieu-thong-ke/2019/04/bao-cao-tinh-hinh-kinh-te-xa-hoi-quy-i-nam-2018/,"CPI tháng 3/2018 tăng 0,97% so với tháng 12/2017 và tăng 2,66% so với cùng kỳ năm trước."
2018Q2,4.67,GSO Báo cáo tình hình KT-XH quý II và 6 tháng năm 2018,https://www.nso.gov.vn/du-lieu-va-so-lieu-thong-ke/2019/04/bao-cao-tinh-hinh-kinh-te-xa-hoi-6-thang-dau-nam-2018/,"CPI tháng 6/2018 tăng 2,22% so với tháng 12/2017 và tăng 4,67% so với cùng kỳ năm trước."
2018Q3,3.98,GSO Báo cáo tình hình KT-XH quý III và 9 tháng năm 2018,https://www.nso.gov.vn/du-lieu-va-so-lieu-thong-ke/2019/04/bao-cao-tinh-hinh-kinh-te-xa-hoi-quy-iii-va-9-thang-nam-2018/,"CPI tháng 9/2018 tăng 3,20% so với tháng 12/2017 và tăng 3,98% so với cùng kỳ năm 2017."
2018Q4,2.98,GSO Báo cáo tình hình KT-XH quý IV và năm 2018,https://www.nso.gov.vn/du-lieu-va-so-lieu-thong-ke/2019/04/thong-cao-bao-chi-ve-tinh-hinh-kinh-te-xa-hoi-quy-iv-va-nam-2018/,"CPI tháng 12/2018 tăng 2,98% so với tháng 12/2017, bình quân mỗi tháng tăng 0,25%."
2019Q1,2.7,GSO Báo cáo tình hình KT-XH quý I năm 2019 [4.120 triệu USD],https://www.nso.gov.vn/du-lieu-va-so-lieu-thong-ke/2019/05/bao-cao-tinh-hinh-kinh-te-xa-hoi-quy-i-nam-2019/,"CPI tháng 3/2019 tăng 0,69% so với tháng 12/2018 và tăng 2,7% so với cùng kỳ năm 2018."
2019Q2,2.16,GSO Báo cáo tình hình KT-XH quý II và 6 tháng năm 2019,https://www.nso.gov.vn/du-lieu-va-so-lieu-thong-ke/2019/10/bao-cao-tinh-hinh-kinh-te-xa-hoi-quy-ii-va-6-thang-dau-nam-2019/,"Chỉ số giá tiêu dùng (CPI) tháng 6/2019 giảm 0,09% so với tháng trước, tăng 1,41% so với tháng 12/2018 và tăng 2,16% so với cùng kỳ năm trước."
2019Q3,1.98,GSO Báo cáo tình hình KT-XH quý III và 9 tháng năm 2019,https://www.nso.gov.vn/du-lieu-va-so-lieu-thong-ke/2019/10/bao-cao-tinh-hinh-kinh-te-xa-hoi-quy-iii-va-9-thang-nam-2019/,"Chỉ số giá tiêu dùng (CPI) tháng 9/2019 tăng 0,32% so với tháng trước, tăng 2,2% so với tháng 12/2018 và tăng 1,98% so với cùng kỳ năm 2018."
2019Q4,5.23,GSO Báo cáo tình hình KT-XH quý IV và năm 2019,https://www.nso.gov.vn/du-lieu-va-so-lieu-thong-ke/2019/12/bao-cao-tinh-hinh-kinh-te-xa-hoi-quy-iv-va-nam-2019/,"CPI tháng 12/2019 tăng 5,23% so với tháng 12/2018."
2020Q1,4.87,GSO Báo cáo tình hình KT-XH quý I năm 2020,https://www.nso.gov.vn/du-lieu-va-so-lieu-thong-ke/2020/03/bao-cao-tinh-hinh-kinh-te-xa-hoi-quy-i-nam-2020/,"CPI tháng 3/2020 tăng 0,34% so với tháng 12/2019 và tăng 4,87% so với cùng kỳ năm 2019."
2020Q2,3.17,GSO Báo cáo tình hình KT-XH quý II và 6 tháng năm 2020,https://www.nso.gov.vn/du-lieu-va-so-lieu-thong-ke/2020/06/bao-cao-tinh-hinh-kinh-te-xa-hoi-6-thang-dau-nam-2020/,"CPI tháng 6/2020 giảm 0,59% so với tháng 12/2019 và tăng 3,17% so với cùng kỳ năm trước."
2020Q3,2.98,"GSO Báo cáo tình hình KT-XH quý III và 9 tháng năm 2020 [stated as 'gần 13,8 tỷ USD']",https://www.nso.gov.vn/du-lieu-va-so-lieu-thong-ke/2020/09/tinh-hinh-kinh-te-xa-hoi-thang-9-va-9-thang-nam-2020/,"CPI tháng 9/2020 tăng 0,12% so với tháng trước, tăng 0,01% so với tháng 12/2019 và tăng 2,98% so với cùng kỳ năm 2019."
2020Q4,0.19,GSO Báo cáo tình hình KT-XH quý IV và năm 2020 [stated as 'gần 20 tỷ USD'],https://www.nso.gov.vn/du-lieu-va-so-lieu-thong-ke/2020/12/baocao-tinh-hinh-kinh-te-xa-hoi-quy-iv-va-nam-2020/,"chỉ số giá tiêu dùng (CPI) tháng 12/2020 tăng 0,1% so với tháng trước và tăng 0,19% so với cùng kỳ năm trước."
2021Q1,1.16,GSO Báo cáo tình hình KT-XH quý I năm 2021,https://www.nso.gov.vn/du-lieu-va-so-lieu-thong-ke/2021/03/bao-cao-tinh-hinh-kinh-te-xa-hoi-quy-i-nam-2021/,"So với cùng kỳ năm trước, CPI tháng Ba tăng 1,16%, thấp nhất kể từ năm 2016 [12] ;"
2021Q2,2.41,GSO Báo cáo tình hình KT-XH quý II và 6 tháng đầu năm 2021,https://www.nso.gov.vn/du-lieu-va-so-lieu-thong-ke/2021/06/bao-cao-tinh-hinh-kinh-te-xa-hoi-quy-ii-va-6-thang-dau-nam-2021/,"Chỉ số giá tiêu dùng (CPI) tháng 6/2021 tăng 0,19% so với tháng trước, tăng 1,62% so với tháng 12/2020 và tăng 2,41% so với cùng kỳ năm 2020."
2021Q3,2.06,GSO Báo cáo tình hình KT-XH quý III và 9 tháng năm 2021,https://www.nso.gov.vn/du-lieu-va-so-lieu-thong-ke/2021/09/bao-cao-tinh-hinh-kinh-te-xa-hoi-quy-iii-va-9-thang-nam-2021/,"So với cùng kỳ năm trước, CPI tháng Chín tăng 2,06%;"
2021Q4,1.81,GSO Báo cáo tình hình KT-XH quý IV và năm 2021,https://www.nso.gov.vn/du-lieu-va-so-lieu-thong-ke/2021/12/bao-cao-tinh-hinh-kinh-te-xa-hoi-quy-iv-va-nam-2021/,"chỉ số giá tiêu dùng (CPI) tháng 12/2021 giảm 0,18% so với tháng trước và tăng 1,81% so với tháng 12/2020."
2022Q1,2.41,GSO Báo cáo tình hình KT-XH quý I năm 2022,https://www.nso.gov.vn/du-lieu-va-so-lieu-thong-ke/2022/03/bao-cao-tinh-hinh-kinh-te-xa-hoi-quy-i-nam-2022/,"chỉ số giá tiêu dùng (CPI) tháng 3/2022 tăng 0,7% so với tháng trước, tăng 1,91% so với tháng 12/2021 và tăng 2,41% so với cùng kỳ năm 2021."
2022Q2,3.37,GSO Báo cáo tình hình KT-XH quý II và 6 tháng đầu năm 2022,https://www.nso.gov.vn/du-lieu-va-so-lieu-thong-ke/2022/06/bao-cao-tinh-hinh-kinh-te-xa-hoi-quy-ii-va-6-thang-dau-nam-2022/,"Chỉ số giá tiêu dùng (CPI) tháng 6/2022 tăng 0,69% so với tháng trước; tăng 3,18% so với tháng 12/2021 và tăng 3,37% so với cùng kỳ năm trước."
2022Q3,3.94,GSO Báo cáo tình hình KT-XH quý III và 9 tháng năm 2022,https://www.nso.gov.vn/du-lieu-va-so-lieu-thong-ke/2022/09/bao-cao-tinh-hinh-kinh-te-xa-hoi-quy-iii-va-9-thang-nam-2022/,"CPI tháng Chín tăng 4,01% và so với cùng kỳ năm trước tăng 3,94%."
2022Q4,4.55,GSO Báo cáo tình hình KT-XH quý IV và năm 2022,https://www.nso.gov.vn/du-lieu-va-so-lieu-thong-ke/2022/12/bao-cao-tinh-hinh-kinh-te-xa-hoi-quy-iv-va-nam-2022/,"Chỉ số giá tiêu dùng (CPI) tháng 12/2022 giảm 0,01% so với tháng trước, tăng 4,55% so với tháng 12/2021."
2023Q1,3.35,GSO Báo cáo tình hình KT-XH quý I năm 2023,https://www.nso.gov.vn/du-lieu-va-so-lieu-thong-ke/2023/03/bao-cao-tinh-hinh-kinh-te-xa-hoi-quy-i-nam-2023/,"CPI tháng 3/2023 tăng 0,74% và so với cùng kỳ năm trước tăng 3,35%."
2023Q2,2.0,GSO Báo cáo tình hình KT-XH quý II và 6 tháng đầu năm 2023,https://www.nso.gov.vn/du-lieu-va-so-lieu-thong-ke/2023/06/bao-cao-tinh-hinh-kinh-te-xa-hoi-quy-ii-va-6-thang-dau-nam-2023/,"CPI tháng Sáu tăng 0,67% và so với cùng kỳ năm trước tăng 2%."
2023Q3,3.66,GSO Báo cáo tình hình KT-XH quý III và 9 tháng năm 2023,https://www.nso.gov.vn/du-lieu-va-so-lieu-thong-ke/2023/09/bao-cao-tinh-hinh-kinh-te-xa-hoi-quy-iii-va-9-thang-nam-2023/,"CPI tháng Chín tăng 3,12% và so với cùng kỳ năm trước tăng 3,66%."
2023Q4,3.58,GSO Báo cáo tình hình KT-XH quý IV và năm 2023,https://www.nso.gov.vn/bai-top/2023/12/bao-cao-tinh-hinh-kinh-te-xa-hoi-quy-iv-va-nam-2023/,"So với cùng kỳ năm trước, CPI tháng Mười Hai tăng 3,58%."
2024Q1,3.97,GSO/NSO Báo cáo tình hình KT-XH quý I năm 2024,https://www.nso.gov.vn/du-lieu-va-so-lieu-thong-ke/2024/03/bao-cao-tinh-hinh-kinh-te-xa-hoi-quy-i-nam-2024/,"Chỉ số giá tiêu dùng (CPI) tháng 3/2024 giảm 0,23% so với tháng trước, so với tháng 12/2023 tăng 1,12% và so với cùng kỳ năm trước tăng 3,97%."
2024Q2,4.34,GSO/NSO Báo cáo tình hình KT-XH quý II và 6 tháng đầu năm 2024,https://www.nso.gov.vn/du-lieu-va-so-lieu-thong-ke/2024/06/bao-cao-tinh-hinh-kinh-te-xa-hoi-quy-ii-va-sau-thang-dau-nam-2024/,"CPI tháng Sáu tăng 1,40% và so với cùng kỳ năm trước tăng 4,34%."
2024Q3,2.63,GSO/NSO Báo cáo tình hình KT-XH quý III và 9 tháng năm 2024,https://www.nso.gov.vn/bai-top/2024/10/bao-cao-tinh-hinh-kinh-te-xa-hoi-quy-iii-va-9-thang-nam-2024/,"CPI tháng Chín tăng 2,18% và so với cùng kỳ năm trước tăng 2,63%."
2024Q4,2.94,GSO/NSO Báo cáo tình hình KT-XH quý IV và năm 2024,https://www.nso.gov.vn/bai-top/2025/01/bao-cao-tinh-hinh-kinh-te-xa-hoi-quy-iv-va-nam-2024/,"So với tháng 12/2023, CPI tháng Mười Hai tăng 2,94%."
2025Q1,3.13,GSO/NSO Báo cáo tình hình KT-XH quý I năm 2025,https://www.nso.gov.vn/du-lieu-va-so-lieu-thong-ke/2025/04/bao-cao-tinh-hinh-kinh-te-xa-hoi-quy-i-nam-2025/,"Chỉ số giá tiêu dùng (CPI) tháng 3/2025 giảm 0,03% so với tháng trước; tăng 1,3% so với tháng 12/2024 và tăng 3,13% so với cùng kỳ năm trước."
2025Q2,3.57,GSO/NSO Báo cáo tình hình KT-XH quý II và 6 tháng đầu năm 2025,https://www.nso.gov.vn/bai-top/2025/07/bao-cao-tinh-hinh-kinh-te-xa-hoi-quy-ii-va-6-thang-dau-nam-2025/,"Chỉ số giá tiêu dùng (CPI ) tháng 6/2025 tăng 0,48% so với tháng; tăng 2,02% so với tháng 12/2024; tăng 3,57% so với cùng kỳ năm trước."
2025Q3,3.38,GSO/NSO Báo cáo tình hình KT-XH quý III và 9 tháng năm 2025,https://www.nso.gov.vn/bai-top/2025/10/bao-cao-tinh-hinh-kinh-te-xa-hoi-quy-iii-va-9-thang-nam-2025/,"Chỉ số giá tiêu dùng (CPI) tháng Chín tăng 0,42% so với tháng trước; tăng 2,61% so với tháng 12/2024; tăng 3,38% so với cùng kỳ năm trước."
2025Q4,3.48,GSO/NSO Báo cáo tình hình KT-XH quý IV và năm 2025,https://www.nso.gov.vn/du-lieu-va-so-lieu-thong-ke/2026/01/bao-cao-tinh-hinh-kinh-te-xa-hoi-quy-iv-va-nam-2025/,"So với cùng kỳ năm trước, CPI tháng Mười Hai tăng 3,48%."
2026Q1,4.65,GSO/NSO Báo cáo tình hình KT-XH quý I năm 2026,https://www.nso.gov.vn/bai-top/2026/04/bao-cao-tinh-hinh-kinh-te-xa-hoi-quy-i-nam-2026/,"Chỉ số giá tiêu dùng (CPI) tháng 3/2026 tăng 1,23% so với tháng trước; tăng 2,44% so với tháng 12/2025 và tăng 4,65% so với cùng kỳ năm trước."
2026Q2,4.69,GSO/NSO Báo cáo tình hình KT-XH quý II và 6 tháng 2026,https://www.nso.gov.vn/bai-top/2026/07/bao-cao-tinh-hinh-kinh-te-xa-hoi-quy-ii-va-sau-thang-dau-nam-2026/,"Chỉ số giá tiêu dùng (CPI ) tháng Sáu giảm 0,39% so với tháng trước; tăng 3,21% so với tháng 12/2024 và tăng 4,69% so với cùng kỳ năm trước."
