quarter,retail_ytd_vnd_trn,yoy_printed,real_yoy_printed,found_in,source_name,source_url,quote
2012Q1,569.7,21.8,5.0,câu,GSO Báo cáo tình hình KT-XH quý I năm 2012,https://www.nso.gov.vn/du-lieu-va-so-lieu-thong-ke/2019/12/tinh-hinh-kinh-te-xa-hoi-quy-i-nam-2012/,"Bán lẻ hàng hóa và doanh thu dịch vụ tiêu dùng Tổng mức hàng hóa bán lẻ và doanh thu dịch vụ tiêu dùng ba tháng đầu năm theo giá thực tế ước tính đạt 569,7 nghìn tỷ đồng, tăng 21,8% so với cùng kỳ năm trước (nếu loại trừ yếu tố giá thì tăng 5%), bao gồm: Kinh tế cá thể đạt 276,6 nghìn tỷ đồng, chiếm 48,6% tổng mức và tăng 16,9%; kinh tế tư nhân đạt 202,8 nghìn tỷ đồng, chiếm 35,6% và tăng 25,7%; kinh tế Nhà nước đạt 66 nghìn tỷ đồng, chiếm 11,6% và tăng 28,7%; khu vực có vốn đầu tư nước ngoài đạt 17,5 nghìn tỷ đồng, chiếm 3% và tăng 36,7%; kinh tế tập thể đạt 6,7 nghìn tỷ đồng, chiếm 1,2% và tăng 19,2%."
2012Q2,1137.4,19.5,6.5,câu,GSO Báo cáo tình hình KT-XH quý II và 6 tháng năm 2012,https://www.nso.gov.vn/du-lieu-va-so-lieu-thong-ke/2019/12/tinh-hinh-kinh-te-xa-hoi-sau-thang-dau-nam-2012/,"Tính chung sáu tháng đầu năm nay, tổng mức hàng hóa bán lẻ và doanh thu dịch vụ tiêu dùng ước tính đạt 1137,4 nghìn tỷ đồng, tăng 19,5% so với cùng kỳ năm trước, nếu loại trừ yếu tố giá thì tăng 6,5%."
2012Q3,1713.1,17.3,6.7,câu,GSO Báo cáo tình hình KT-XH tháng 9 và 9 tháng năm 2012,https://www.nso.gov.vn/du-lieu-va-so-lieu-thong-ke/2019/12/tinh-hinh-kinh-te-xa-hoi-chin-thang-nam-2012/,"Tổng mức hàng hóa bán lẻ chín tháng năm nay ước tính đạt 1713,1 nghìn tỷ đồng, tăng 17,3% so với cùng kỳ năm trước, nếu loại trừ yếu tố giá thì tăng 6,7%."
2012Q4,2324.4,16.0,6.2,câu,GSO Báo cáo tình hình KT-XH quý IV và năm 2012,https://www.nso.gov.vn/du-lieu-va-so-lieu-thong-ke/2019/12/tinh-hinh-kinh-te-xa-hoi-thang-muoi-hai-va-nam-2012/,"Bán lẻ hàng hóa và doanh thu dịch vụ tiêu dùng Tổng mức hàng hóa bán lẻ và doanh thu dịch vụ tiêu dùng năm 2012 ước tính đạt 2324,4 nghìn tỷ đồng, tăng 16% so với năm 2011 (Loại trừ yếu tố giá tăng 6,2%), trong đó khu vực kinh tế nhà nước đạt 288,9 nghìn tỷ đồng, chiếm 12,3% và giảm 1,2%; kinh tế ngoài nhà nước đạt 1968,1 nghìn tỷ đồng, chiếm 84,8% và tăng 18,4%; khu vực có vốn đầu tư nước ngoài đạt 67,4 nghìn tỷ đồng, chiếm 2,9% và tăng 34,7%."
2013Q1,636.2,11.7,4.5,câu,GSO Báo cáo tình hình KT-XH quý I năm 2013,https://www.nso.gov.vn/du-lieu-va-so-lieu-thong-ke/2019/07/tinh-hinh-kinh-te-xa-hoi-quy-i-nam-2013/,"Tính chung ba tháng đầu năm, tổng mức hàng hóa bán lẻ và doanh thu dịch vụ tiêu dùng ước tính đạt 636,2 nghìn tỷ đồng, tăng 11,7% so với cùng kỳ năm 2012, nếu loại trừ yếu tố giá thì tăng 4,5%, thấp hơn mức tăng 4,7% cùng kỳ năm trước."
2013Q2,1275.4,11.9,4.9,câu,GSO Báo cáo tình hình KT-XH quý II và 6 tháng năm 2013,https://www.nso.gov.vn/du-lieu-va-so-lieu-thong-ke/2019/07/tinh-hinh-kinh-te-xa-hoi-sau-thang-dau-nam-2013/,"Tổng mức hàng hóa bán lẻ và doanh thu dịch vụ tiêu dùng sáu tháng đầu năm ước tính đạt 1275,4 nghìn tỷ đồng, tăng 11,9% so với cùng kỳ năm trước, nếu loại trừ yếu tố giá thì tăng 4,9%, tuy thấp hơn nhiều so với mức tăng 6,7% của cùng kỳ năm 2012 nhưng quý II năm nay tăng 5,1%, cao hơn mức tăng 4,5% của quý trước."
2013Q3,1932.0,12.5,5.3,câu,GSO Báo cáo tình hình KT-XH quý III và 9 tháng năm 2013,https://www.nso.gov.vn/du-lieu-va-so-lieu-thong-ke/2019/07/tinh-hinh-kinh-te-xa-hoi-chin-thang-nam-2013/,"Bán lẻ hàng hóa và doanh thu dịch vụ tiêu dùng Tổng mức hàng hóa bán lẻ và doanh thu dịch vụ tiêu dùng chín tháng ước tính đạt 1932 nghìn tỷ đồng, tăng 12,5% so với cùng kỳ năm trước, loại trừ yếu tố giá tăng 5,3%."
2013Q4,2618.0,12.6,,câu,GSO Báo cáo tình hình KT-XH quý IV và năm 2013,https://www.nso.gov.vn/du-lieu-va-so-lieu-thong-ke/2019/07/tinh-hinh-kinh-te-xa-hoi-nam-2013/,"Tổng mức hàng hóa bán lẻ và doanh thu dịch vụ tiêu dùng năm 2013 ước tính đạt 2618 nghìn tỷ đồng, tăng 12,6% so với năm 2012 và là mức tăng thấp nhất trong vòng bốn năm trở lại đây, loại trừ yếu tố giá năm 2013 tăng 5,6%; năm 2012 tăng 6,5%; năm 2011 tăng 4,4%."
2014Q1,701.4,10.2,5.1,câu,GSO Báo cáo tình hình KT-XH quý I năm 2014 [2850 triệu USD],https://www.nso.gov.vn/du-lieu-va-so-lieu-thong-ke/2019/07/bao-cao-tinh-hinh-kinh-te-xa-hoi-quy-i-nam-2014/,"Tính chung ba tháng đầu năm, tổng mức bán lẻ hàng hóa và doanh thu dịch vụ tiêu dùng ước tính đạt 701,4 nghìn tỷ đồng, tăng 10,2% so với cùng kỳ năm trước, loại trừ yếu tố giá tăng 5,1%, tuy cao hơn mức tăng của cùng kỳ hai năm trước nhưng vẫn ở mức thấp [7] ."
2014Q2,1439.0,10.7,5.7,câu,GSO Báo cáo tình hình KT-XH quý II và 6 tháng năm 2014,https://www.nso.gov.vn/du-lieu-va-so-lieu-thong-ke/2019/07/tinh-hinh-kinh-te-xa-hoi-6-thang-dau-nam-2014/,"Tính chung 6 tháng đầu năm, tổng mức hàng hóa bán lẻ và doanh thu dịch vụ tiêu dùng ước tính đạt 1439 nghìn tỷ đồng, tăng 10,7% so với cùng kỳ năm trước (nếu loại trừ yếu tố giá tăng 5,7%)."
2014Q3,2145.5,11.1,6.2,câu,GSO Báo cáo tình hình KT-XH quý III và 9 tháng năm 2014,https://www.nso.gov.vn/du-lieu-va-so-lieu-thong-ke/2019/07/tinh-hinh-kinh-te-xa-hoi-9-thang-nam-2014/,"Tính chung 9 tháng năm nay, tổng mức bán lẻ hàng hóa và doanh thu dịch vụ tiêu dùng cả nước đạt 2145,5 nghìn tỷ đồng, tăng 11,1% so với cùng kỳ năm 2013, nếu loại trừ yếu tố giá tăng 6,2%, cao hơn mức tăng 5,4% của cùng kỳ năm 2013."
2014Q4,2945.2,10.6,6.3,câu,GSO Báo cáo tình hình KT-XH quý IV và năm 2014,https://www.nso.gov.vn/du-lieu-va-so-lieu-thong-ke/2019/07/tinh-hinh-kinh-te-xa-hoi-nam-2014/,"Tính chung cả năm 2014, tổng mức bán lẻ hàng hóa và doanh thu dịch vụ tiêu dùng ước tính đạt 2945,2 nghìn tỷ đồng, tăng 10,6% so với năm 2013, nếu loại trừ yếu tố giá tăng 6,3%, cao hơn mức tăng 5,5% của năm 2013."
2015Q1,790.8,10.0,9.2,câu,GSO Báo cáo tình hình KT-XH quý I năm 2015 [3050 triệu USD],https://www.nso.gov.vn/du-lieu-va-so-lieu-thong-ke/2019/05/tinh-hinh-kinh-te-xa-hoi-quy-i-nam-2015/,"Tính chung 3 tháng đầu năm nay, tổng mức bán lẻ hàng hóa và doanh thu dịch vụ tiêu dùng ước tính đạt 790,8 nghìn tỷ đồng, tăng 10% so với cùng kỳ năm trước, loại trừ yếu tố giá tăng 9,2% (cao hơn mức tăng 5,1% của cùng kỳ năm 2014)."
2015Q2,1572.1,9.8,8.3,câu,GSO Báo cáo tình hình KT-XH quý II và 6 tháng năm 2015,https://www.nso.gov.vn/du-lieu-va-so-lieu-thong-ke/2019/07/tinh-hinh-kinh-te-xa-hoi-6-thang-dau-nam-2015/,"Tính chung 6 tháng đầu năm nay, tổng mức bán lẻ hàng hóa và doanh thu dịch vụ tiêu dùng ước tính đạt 1572,1 nghìn tỷ đồng, tăng 9,8% so với cùng kỳ năm 2014, loại trừ yếu tố giá tăng 8,3%, cao hơn mức tăng cùng kỳ của một số năm gần đây[7]."
2015Q3,2374.5,9.8,9.1,câu,GSO Báo cáo tình hình KT-XH quý III và 9 tháng năm 2015,https://www.nso.gov.vn/du-lieu-va-so-lieu-thong-ke/2019/07/bao-cao-tinh-hinh-kinh-te-xa-hoi-9-thang-nam-2015/,"Tính chung 9 tháng, tổng mức bán lẻ hàng hóa và doanh thu dịch vụ tiêu dùng ước tính đạt 2374,5 nghìn tỷ đồng, tăng 9,8% so với cùng kỳ năm trước (loại trừ yếu tố giá tăng 9,1%, cao hơn mức tăng 7,3% của cùng kỳ năm 2014)."
2015Q4,3242.9,9.5,8.4,câu,GSO Báo cáo tình hình KT-XH quý IV và năm 2015,https://www.nso.gov.vn/du-lieu-va-so-lieu-thong-ke/2020/11/bao-cao-tinh-hinh-kinh-te-xa-hoi-quy-iv-va-nam-2015/,"Tính chung cả năm 2015, tổng mức bán lẻ hàng hóa và doanh thu dịch vụ tiêu dùng ước tính đạt 3242,9 nghìn tỷ đồng, tăng 9,5% so với năm trước (loại trừ yếu tố giá tăng 8,4%, cao hơn mức tăng 8,1% của năm 2014)."
2016Q1,859.6,9.1,,câu,GSO Báo cáo tình hình KT-XH quý I năm 2016,https://www.nso.gov.vn/du-lieu-va-so-lieu-thong-ke/2020/11/bc-tinh-hinh-kinh-te-xa-hoi-quy-i-nam-2016/,"Tổng mức bán lẻ hàng hóa và doanh thu dịch vụ tiêu dùng quý I năm nay ước tính đạt 859,6 nghìn tỷ đồng, tăng 9,1% so với cùng kỳ năm trước."
2016Q2,1724.0,9.5,,câu,GSO Báo cáo tình hình KT-XH 6 tháng đầu năm 2016,https://www.nso.gov.vn/du-lieu-va-so-lieu-thong-ke/2019/05/bao-cao-tinh-hinh-kinh-te-xa-hoi-6-thang-dau-nam-2016/,"Tổng mức bán lẻ hàng hóa và doanh thu dịch vụ tiêu dùng 6 tháng đầu năm nay ước tính đạt 1724 nghìn tỷ đồng, tăng 9,5% so với cùng kỳ năm trước."
2016Q3,2605.8,9.5,7.7,câu,GSO Báo cáo tình hình KT-XH quý III và 9 tháng năm 2016 (page slug mislabelled 2020),https://www.nso.gov.vn/du-lieu-va-so-lieu-thong-ke/2020/11/bao-cao-tinh-hinh-kinh-te-xa-hoi-thang-quy-iii-va-9-thang-nam-2020/,"Tính chung 9 tháng, tổng mức bán lẻ hàng hóa và doanh thu dịch vụ tiêu dùng đạt 2605,8 nghìn tỷ đồng, tăng 9,5% (thấp hơn mức tăng 10,2% cùng kỳ năm 2015), nếu loại trừ yếu tố giá còn tăng 7,7% (cùng kỳ năm 2015 tăng 9,2%)."
2016Q4,3527.4,10.2,7.8,câu,GSO Báo cáo tình hình KT-XH quý IV và năm 2016 (page slug mislabelled 2020),https://www.nso.gov.vn/du-lieu-va-so-lieu-thong-ke/2020/11/bao-cao-tinh-hinh-kinh-te-xa-hoi-quy-iv-va-nam-2020/,"Tính chung cả năm 2016, tổng mức bán lẻ hàng hóa và doanh thu dịch vụ tiêu dùng ước tính đạt 3.527,4 nghìn tỷ đồng, tăng 10,2% so với năm trước (Năm 2015 tăng 9,8%), nếu loại trừ yếu tố giá thì còn tăng 7,8%, thấp hơn mức tăng 8,5% của năm trước do sức mua không biến động lớn, trong khi giá tiêu dùng năm nay tăng cao hơn so với năm 2015."
2017Q1,921.1,9.2,6.2,câu,GSO Báo cáo tình hình KT-XH quý I năm 2017 [3.620 triệu USD],https://www.nso.gov.vn/du-lieu-va-so-lieu-thong-ke/2019/05/bao-cao-tinh-hinh-kinh-te-xa-hoi-quy-i-nam-2017/,"Hoạt động dịch vụ Tổng mức bán lẻ hàng hóa và doanh thu dịch vụ tiêu dùng quý I năm 2017 ước tính đạt 921,1 nghìn tỷ đồng, tăng 9,2% so với cùng kỳ năm trước, nếu loại trừ yếu tố giá tăng 6,2% (thấp hơn mức tăng 7,5% của quý I năm 2016)."
2017Q2,1924.1,10.1,8.4,câu,GSO Báo cáo tình hình KT-XH tháng 6 và 6 tháng năm 2017,https://www.nso.gov.vn/du-lieu-va-so-lieu-thong-ke/2019/10/bc-tinh-hinh-kinh-te-xa-hoi-6-thang-dau-nam-2017/,"Hoạt động dịch vụ Tổng mức bán lẻ hàng hóa và doanh thu dịch vụ tiêu dùng 6 tháng năm nay đạt 1.924,1 nghìn tỷ đồng, tăng 10,1% so với cùng kỳ năm trước, nếu loại trừ yếu tố giá tăng 8,4% (cao hơn mức tăng 8,1% của cùng kỳ năm 2016)."
2017Q3,2917.6,10.5,9.2,câu,GSO Báo cáo tình hình KT-XH quý III và 9 tháng năm 2017,https://www.nso.gov.vn/du-lieu-va-so-lieu-thong-ke/2019/10/bao-cao-tinh-hinh-kinh-te-xa-hoi-9-thang-nam-2017/,"Hoạt động dịch vụ Tổng mức bán lẻ hàng hóa và doanh thu dịch vụ tiêu dùng 9 tháng năm 2017 đạt 2.917,6 nghìn tỷ đồng, tăng 10,5% so với cùng kỳ năm trước, nếu loại trừ yếu tố giá tăng 9,2% (cùng kỳ năm 2016 tăng 9%)."
2017Q4,3934.2,10.9,9.46,câu,GSO Báo cáo tình hình KT-XH quý IV và năm 2017,https://www.nso.gov.vn/du-lieu-va-so-lieu-thong-ke/2019/10/bao-cao-tinh-hinh-kinh-te-xa-hoi-nam-2017/,"Hoạt động dịch vụ Tổng mức bán lẻ hàng hóa và doanh thu dịch vụ tiêu dùng năm 2017 ước tính đạt 3.934,2 nghìn tỷ đồng, tăng 10,9% so với năm trước (Năm 2016 tăng 10,1%), nếu loại trừ yếu tố giá tăng 9,46%, cao hơn mức tăng 8,33% của năm trước."
2018Q1,1048.0,9.9,8.6,câu,GSO Báo cáo tình hình KT-XH quý I năm 2018 [3.880 triệu USD],https://www.nso.gov.vn/du-lieu-va-so-lieu-thong-ke/2019/04/bao-cao-tinh-hinh-kinh-te-xa-hoi-quy-i-nam-2018/,"Hoạt động dịch vụ Tổng mức bán lẻ hàng hóa và doanh thu dịch vụ tiêu dùng quý I năm 2017 ước tính đạt 1.048 nghìn tỷ đồng, tăng 9,9% so với cùng kỳ năm trước, nếu loại trừ yếu tố giá tăng 8,6% (cùng kỳ năm 2017 tăng 6,4%)."
2018Q2,2120.9,10.7,8.3,câu,GSO Báo cáo tình hình KT-XH quý II và 6 tháng năm 2018,https://www.nso.gov.vn/du-lieu-va-so-lieu-thong-ke/2019/04/bao-cao-tinh-hinh-kinh-te-xa-hoi-6-thang-dau-nam-2018/,"Hoạt động dịch vụ Tổng mức bán lẻ hàng hóa và doanh thu dịch vụ tiêu dùng 6 tháng đầu năm 2018 ước tính đạt 2.120,9 nghìn tỷ đồng, tăng 10,7% so với cùng kỳ năm trước, nếu loại trừ yếu tố giá tăng 8,3% (cao hơn mức tăng 7,9% của cùng kỳ năm 2017)."
2018Q3,3235.1,11.3,8.8,câu,GSO Báo cáo tình hình KT-XH quý III và 9 tháng năm 2018,https://www.nso.gov.vn/du-lieu-va-so-lieu-thong-ke/2019/04/bao-cao-tinh-hinh-kinh-te-xa-hoi-quy-iii-va-9-thang-nam-2018/,"Hoạt động dịch vụ Tổng mức bán lẻ hàng hóa và doanh thu dịch vụ tiêu dùng 9 tháng năm 2018 ước tính đạt 3.235,1 nghìn tỷ đồng, tăng 11,3% so với cùng kỳ năm trước, nếu loại trừ yếu tố giá tăng 8,8% (cùng kỳ năm 2017 tăng 8,76%)."
2018Q4,4395.7,11.7,9.4,câu,GSO Báo cáo tình hình KT-XH quý IV và năm 2018,https://www.nso.gov.vn/du-lieu-va-so-lieu-thong-ke/2019/04/thong-cao-bao-chi-ve-tinh-hinh-kinh-te-xa-hoi-quy-iv-va-nam-2018/,"Hoạt động dịch vụ Tổng mức bán lẻ hàng hóa và doanh thu dịch vụ tiêu dùng năm 2018 ước tính đạt 4.395,7 nghìn tỷ đồng, tăng 11,7% so với năm trước, nếu loại trừ yếu tố giá tăng 9,4% (năm 2017 tăng 9,3%)."
2019Q1,1184.9,12.0,9.0,câu,GSO Báo cáo tình hình KT-XH quý I năm 2019 [4.120 triệu USD],https://www.nso.gov.vn/du-lieu-va-so-lieu-thong-ke/2019/05/bao-cao-tinh-hinh-kinh-te-xa-hoi-quy-i-nam-2019/,"Hoạt động dịch vụ Tổng mức bán lẻ hàng hóa và doanh thu dịch vụ tiêu dùng quý I/2019 ước tính đạt 1.184,9 nghìn tỷ đồng, tăng 12% so với cùng kỳ năm trước, nếu loại trừ yếu tố giá tăng 9% (cùng kỳ năm 2018 tăng 8,9%)."
2019Q2,2391.1,11.5,8.7,câu,GSO Báo cáo tình hình KT-XH quý II và 6 tháng năm 2019,https://www.nso.gov.vn/du-lieu-va-so-lieu-thong-ke/2019/10/bao-cao-tinh-hinh-kinh-te-xa-hoi-quy-ii-va-6-thang-dau-nam-2019/,"Tính chung 6 tháng đầu năm 2019, tổng mức bán lẻ hàng hóa và doanh thu dịch vụ tiêu dùng đạt 2.391,1 nghìn tỷ đồng, tăng 11,5% so với cùng kỳ năm trước, nếu loại trừ yếu tố giá tăng 8,7% (cùng kỳ năm 2018 tăng 8,6%)."
2019Q3,3634.8,11.6,9.2,câu,GSO Báo cáo tình hình KT-XH quý III và 9 tháng năm 2019,https://www.nso.gov.vn/du-lieu-va-so-lieu-thong-ke/2019/10/bao-cao-tinh-hinh-kinh-te-xa-hoi-quy-iii-va-9-thang-nam-2019/,"Tính chung 9 tháng năm 2019, tổng mức bán lẻ hàng hóa và doanh thu dịch vụ tiêu dùng đạt 3.634,8 nghìn tỷ đồng, tăng 11,6% so với cùng kỳ năm trước, nếu loại trừ yếu tố giá tăng 9,2% (cùng kỳ năm 2018 tăng 9,1%)."
2019Q4,4940.4,11.8,9.2,câu,GSO Báo cáo tình hình KT-XH quý IV và năm 2019,https://www.nso.gov.vn/du-lieu-va-so-lieu-thong-ke/2019/12/bao-cao-tinh-hinh-kinh-te-xa-hoi-quy-iv-va-nam-2019/,"Năm 2019, tổng mức bán lẻ hàng hóa và doanh thu dịch vụ tiêu dùng đạt 4.940,4 nghìn tỷ đồng, tăng 11,8% so với năm trước, nếu loại trừ yếu tố giá tăng 9,2% (năm 2018 tăng 8,4%)."
2020Q1,1246.1,4.7,1.6,câu,GSO Báo cáo tình hình KT-XH quý I năm 2020,https://www.nso.gov.vn/du-lieu-va-so-lieu-thong-ke/2020/03/bao-cao-tinh-hinh-kinh-te-xa-hoi-quy-i-nam-2020/,"Tính chung quý I/2020, tổng mức bán lẻ hàng hóa và doanh thu dịch vụ tiêu dùng đạt 1.246,1 nghìn tỷ đồng, tăng 4,7% so với cùng kỳ năm trước, nếu loại trừ yếu tố giá tăng 1,6% (cùng kỳ năm 2019 tăng 9,3%)."
2020Q2,2380.8,-0.8,-5.3,câu,GSO Báo cáo tình hình KT-XH quý II và 6 tháng năm 2020,https://www.nso.gov.vn/du-lieu-va-so-lieu-thong-ke/2020/06/bao-cao-tinh-hinh-kinh-te-xa-hoi-6-thang-dau-nam-2020/,"Tính chung 6 tháng đầu năm 2020, tổng mức bán lẻ hàng hóa và doanh thu dịch vụ tiêu dùng đạt 2.380,8 nghìn tỷ đồng, giảm 0,8% so với cùng kỳ năm trước, nếu loại trừ yếu tố giá giảm 5,3% (cùng kỳ năm 2019 tăng 8,5%)."
2020Q3,3673.5,0.7,-3.6,câu,"GSO Báo cáo tình hình KT-XH quý III và 9 tháng năm 2020 [stated as 'gần 13,8 tỷ USD']",https://www.nso.gov.vn/du-lieu-va-so-lieu-thong-ke/2020/09/tinh-hinh-kinh-te-xa-hoi-thang-9-va-9-thang-nam-2020/,"Tính chung 9 tháng năm 2020, tổng mức bán lẻ hàng hóa và doanh thu dịch vụ tiêu dùng đạt 3.673,5 nghìn tỷ đồng, tăng 0,7% so với cùng kỳ năm trước, nếu loại trừ yếu tố giá giảm 3,6% (cùng kỳ năm 2019 tăng 10,8%)."
2020Q4,5059.8,2.6,-1.2,câu,GSO Báo cáo tình hình KT-XH quý IV và năm 2020 [stated as 'gần 20 tỷ USD'],https://www.nso.gov.vn/du-lieu-va-so-lieu-thong-ke/2020/12/baocao-tinh-hinh-kinh-te-xa-hoi-quy-iv-va-nam-2020/,"Năm 2020, tổng mức bán lẻ hàng hóa và doanh thu dịch vụ tiêu dùng đạt 5.059,8 nghìn tỷ đồng, tăng 2,6% so với năm trước, nếu loại trừ yếu tố giá giảm 1,2% (năm 2019 tăng 9,5%)."
2021Q1,1291.1,5.1,4.42,câu,GSO Báo cáo tình hình KT-XH quý I năm 2021,https://www.nso.gov.vn/du-lieu-va-so-lieu-thong-ke/2021/03/bao-cao-tinh-hinh-kinh-te-xa-hoi-quy-i-nam-2021/,"Tính chung quý I/2021, tổng mức bán lẻ hàng hóa và doanh thu dịch vụ tiêu dùng đạt 1.291,1 nghìn tỷ đồng, tăng 5,1% so với cùng kỳ năm trước, nếu loại trừ yếu tố giá tăng 4,42% (cùng kỳ năm 2020 giảm 0,01%)."
2021Q2,2463.8,4.9,3.55,câu,GSO Báo cáo tình hình KT-XH quý II và 6 tháng đầu năm 2021,https://www.nso.gov.vn/du-lieu-va-so-lieu-thong-ke/2021/06/bao-cao-tinh-hinh-kinh-te-xa-hoi-quy-ii-va-6-thang-dau-nam-2021/,"Tính chung 6 tháng đầu năm 2021, tổng mức bán lẻ hàng hóa và doanh thu dịch vụ tiêu dùng đạt 2.463,8 nghìn tỷ đồng, tăng 4,9% so với cùng kỳ năm trước, nếu loại trừ yếu tố giá tăng 3,55% (cùng kỳ năm 2020 giảm 5,77%)."
2021Q3,3367.7,-7.1,-8.7,câu,GSO Báo cáo tình hình KT-XH quý III và 9 tháng năm 2021,https://www.nso.gov.vn/du-lieu-va-so-lieu-thong-ke/2021/09/bao-cao-tinh-hinh-kinh-te-xa-hoi-quy-iii-va-9-thang-nam-2021/,"Tính chung 9 tháng năm 2021, tổng mức bán lẻ hàng hóa và doanh thu dịch vụ tiêu dùng đạt 3.367,7 nghìn tỷ đồng, giảm 7,1% so với cùng kỳ năm trước, nếu loại trừ yếu tố giá giảm 8,7% (cùng kỳ năm 2020 giảm 5,1%)."
2021Q4,4789.5,-3.8,-6.2,câu,GSO Báo cáo tình hình KT-XH quý IV và năm 2021,https://www.nso.gov.vn/du-lieu-va-so-lieu-thong-ke/2021/12/bao-cao-tinh-hinh-kinh-te-xa-hoi-quy-iv-va-nam-2021/,"Năm 2021, tổng mức bán lẻ hàng hóa và doanh thu dịch vụ tiêu dùng ước đạt 4.789,5 nghìn tỷ đồng, giảm 3,8% so với năm trước, nếu loại trừ yếu tố giá giảm 6,2% (năm 2020 giảm 3%)."
2022Q1,1318.0,4.4,1.6,câu,GSO Báo cáo tình hình KT-XH quý I năm 2022,https://www.nso.gov.vn/du-lieu-va-so-lieu-thong-ke/2022/03/bao-cao-tinh-hinh-kinh-te-xa-hoi-quy-i-nam-2022/,"Tính chung quý I năm 2022, tổng mức bán lẻ hàng hóa và doanh thu dịch vụ tiêu dùng ước đạt 1.318 nghìn tỷ đồng, tăng 4,4% so với cùng kỳ năm trước, nếu loại trừ yếu tố giá tăng 1,6% (cùng kỳ năm 2021tăng 2%)."
2022Q2,2717.0,11.7,7.9,câu,GSO Báo cáo tình hình KT-XH quý II và 6 tháng đầu năm 2022 (tệp lời văn .docx đính kèm),https://www.nso.gov.vn/wp-content/uploads/2022/06/02.-Loi-van-6.2022-1.docx,"Tính chung 6 tháng đầu năm 2022, tổng mức bán lẻ hàng hóa và doanh thu dịch vụ tiêu dùng ước đạt 2.717 nghìn tỷ đồng, tăng 11,7% so với cùng kỳ năm trước, nếu loại trừ yếu tố giá tăng 7,9% (cùng kỳ năm 2021 tăng 1,9%)."
2022Q3,4170.2,21.0,16.8,câu,GSO Báo cáo tình hình KT-XH quý III và 9 tháng năm 2022,https://www.nso.gov.vn/du-lieu-va-so-lieu-thong-ke/2022/09/bao-cao-tinh-hinh-kinh-te-xa-hoi-quy-iii-va-9-thang-nam-2022/,"Tính chung 9 tháng năm 2022, tổng mức bán lẻ hàng hóa và doanh thu dịch vụ tiêu dùng ước đạt 4.170,2 nghìn tỷ đồng, tăng 21% so với cùng kỳ năm trước (cùng kỳ năm 2021 giảm 5%), nếu loại trừ yếu tố giá tăng 16,8% (cùng kỳ năm 2021 giảm 6,6%)."
2022Q4,5679.9,19.8,15.6,câu,GSO Báo cáo tình hình KT-XH quý IV và năm 2022,https://www.nso.gov.vn/du-lieu-va-so-lieu-thong-ke/2022/12/bao-cao-tinh-hinh-kinh-te-xa-hoi-quy-iv-va-nam-2022/,"Năm 2022, tổng mức bán lẻ hàng hóa và doanh thu dịch vụ tiêu dùng ước đạt 5.679,9 nghìn tỷ đồng, tăng 19,8% so với năm trước, nếu loại trừ yếu tố giá tăng 15,6% (năm 2021 giảm 6,7%)."
2023Q1,1505.3,13.9,10.3,câu,GSO Báo cáo tình hình KT-XH quý I năm 2023,https://www.nso.gov.vn/du-lieu-va-so-lieu-thong-ke/2023/03/bao-cao-tinh-hinh-kinh-te-xa-hoi-quy-i-nam-2023/,"Tính chung quý I/2023, tổng mức bán lẻ hàng hóa và doanh thu dịch vụ tiêu dùng ước đạt 1.505,3 nghìn tỷ đồng, tăng 13,9% so với cùng kỳ năm trước, nếu loại trừ yếu tố giá tăng 10,3%."
2023Q2,3016.8,10.9,8.44,câu,GSO Báo cáo tình hình KT-XH quý II và 6 tháng đầu năm 2023,https://www.nso.gov.vn/du-lieu-va-so-lieu-thong-ke/2023/06/bao-cao-tinh-hinh-kinh-te-xa-hoi-quy-ii-va-6-thang-dau-nam-2023/,"Tính chung 6 tháng đầu năm 2023, tổng mức bán lẻ hàng hóa và doanh thu dịch vụ tiêu dùng theo giá hiện hành ước đạt 3.016,8 nghìn tỷ đồng, tăng 10,9% so với cùng kỳ năm trước (cùng kỳ năm 2022 tăng 12,2%), nếu loại trừ yếu tố giá tăng 8,44%, tương đương cùng kỳ năm 2022."
2023Q3,4567.8,9.7,7.3,câu,GSO Báo cáo tình hình KT-XH quý III và 9 tháng năm 2023,https://www.nso.gov.vn/du-lieu-va-so-lieu-thong-ke/2023/09/bao-cao-tinh-hinh-kinh-te-xa-hoi-quy-iii-va-9-thang-nam-2023/,"Tính chung 9 tháng năm 2023, tổng mức bán lẻ hàng hóa và doanh thu dịch vụ tiêu dùng theo giá hiện hành ước đạt 4.567,8 nghìn tỷ đồng, tăng 9,7% so với cùng kỳ năm trước (cùng kỳ năm 2022 tăng 20,9%), nếu loại trừ yếu tố giá tăng 7,3% (cùng kỳ năm 2022 tăng 16,6%)."
2023Q4,6231.8,9.6,7.1,câu,GSO Báo cáo tình hình KT-XH quý IV và năm 2023,https://www.nso.gov.vn/bai-top/2023/12/bao-cao-tinh-hinh-kinh-te-xa-hoi-quy-iv-va-nam-2023/,"Tính chung năm 2023, tổng mức bán lẻ hàng hóa và doanh thu dịch vụ tiêu dùng theo giá hiện hành ước đạt 6.231,8 nghìn tỷ đồng, tăng 9,6% so với năm trước (năm 2022 tăng 20%), nếu loại trừ yếu tố giá tăng 7,1% (năm 2022 tăng 15,8%)."
2024Q1,1537.6,8.2,5.1,câu,GSO/NSO Báo cáo tình hình KT-XH quý I năm 2024,https://www.nso.gov.vn/du-lieu-va-so-lieu-thong-ke/2024/03/bao-cao-tinh-hinh-kinh-te-xa-hoi-quy-i-nam-2024/,"Tính chung quý I/2024, tổng mức bán lẻ hàng hóa và doanh thu dịch vụ tiêu dùng theo giá hiện hành ước đạt 1.537,6 nghìn tỷ đồng, tăng 8,2% so với cùng kỳ năm trước (quý I/2023 tăng 13,9%), nếu loại trừ yếu tố giá tăng 5,1% (quý I/2023 tăng 10,1%)."
2024Q2,3098.7,8.6,5.7,câu,GSO/NSO Báo cáo tình hình KT-XH quý II và 6 tháng đầu năm 2024,https://www.nso.gov.vn/du-lieu-va-so-lieu-thong-ke/2024/06/bao-cao-tinh-hinh-kinh-te-xa-hoi-quy-ii-va-sau-thang-dau-nam-2024/,"Tính chung sáu tháng đầu năm 2024, tổng mức bán lẻ hàng hóa và doanh thu dịch vụ tiêu dùng theo giá hiện hành ước đạt 3.098,7 nghìn tỷ đồng, tăng 8,6% so với cùng kỳ năm trước (cùng kỳ năm 2023 tăng 11,3%), nếu loại trừ yếu tố giá tăng 5,7% (cùng kỳ năm 2023 tăng 8,8%)."
2024Q3,4703.4,8.8,5.8,câu,GSO/NSO Báo cáo tình hình KT-XH quý III và 9 tháng năm 2024,https://www.nso.gov.vn/bai-top/2024/10/bao-cao-tinh-hinh-kinh-te-xa-hoi-quy-iii-va-9-thang-nam-2024/,"Tính chung chín tháng năm 2024, tổng mức bán lẻ hàng hóa và doanh thu dịch vụ tiêu dùng theo giá hiện hành ước đạt 4.703,4 nghìn tỷ đồng, tăng 8,8% so với cùng kỳ năm trước (cùng kỳ năm 2023 tăng 10,1%), nếu loại trừ yếu tố giá tăng 5,8% (cùng kỳ năm 2023 tăng 7,6%)."
2024Q4,6391.0,9.0,5.9,câu,GSO/NSO Báo cáo tình hình KT-XH quý IV và năm 2024,https://www.nso.gov.vn/bai-top/2025/01/bao-cao-tinh-hinh-kinh-te-xa-hoi-quy-iv-va-nam-2024/,"Tính chung năm 2024, tổng mức bán lẻ hàng hóa và doanh thu dịch vụ tiêu dùng theo giá hiện hành ước đạt 6.391,0 nghìn tỷ đồng, tăng 9,0% so với năm trước (năm 2023 tăng 9,4%), nếu loại trừ yếu tố giá tăng 5,9% (năm 2023 tăng 6,8%)."
2025Q1,1708.3,9.9,7.5,câu,GSO/NSO Báo cáo tình hình KT-XH quý I năm 2025,https://www.nso.gov.vn/du-lieu-va-so-lieu-thong-ke/2025/04/bao-cao-tinh-hinh-kinh-te-xa-hoi-quy-i-nam-2025/,"Tính chung quý I/2025, tổng mức bán lẻ hàng hóa và doanh thu dịch vụ tiêu dùng theo giá hiện hành ước đạt 1.708,3 nghìn tỷ đồng, tăng 9,9% so với cùng kỳ năm trước, nếu loại trừ yếu tố giá tăng 7,5%."
2025Q2,3416.8,9.3,7.2,câu,GSO/NSO Báo cáo tình hình KT-XH quý II và 6 tháng đầu năm 2025,https://www.nso.gov.vn/bai-top/2025/07/bao-cao-tinh-hinh-kinh-te-xa-hoi-quy-ii-va-6-thang-dau-nam-2025/,"Tính chung sáu tháng đầu năm 2025, tổng mức bán lẻ hàng hóa và doanh thu dịch vụ tiêu dùng theo giá hiện hành ước đạt 3.416,8 nghìn tỷ đồng, tăng 9,3% so với cùng kỳ năm trước (cùng kỳ năm 2024 tăng 8,9%), nếu loại trừ yếu tố giá tăng 7,2% (cùng kỳ năm 2024 tăng 6,0%)."
2025Q3,5176.0,9.5,7.2,câu,GSO/NSO Báo cáo tình hình KT-XH quý III và 9 tháng năm 2025,https://www.nso.gov.vn/bai-top/2025/10/bao-cao-tinh-hinh-kinh-te-xa-hoi-quy-iii-va-9-thang-nam-2025/,"Tính chung chín tháng năm 2025, tổng mức bán lẻ hàng hóa và doanh thu dịch vụ tiêu dùng theo giá hiện hành ước đạt 5.176,0 nghìn tỷ đồng, tăng 9,5% so với cùng kỳ năm trước (cùng kỳ năm 2024 tăng 8,8%), nếu loại trừ yếu tố giá tăng 7,2% (cùng kỳ năm 2024 tăng 5,8%)."
2025Q4,7008.9,9.2,6.7,câu,GSO/NSO Báo cáo tình hình KT-XH quý IV và năm 2025,https://www.nso.gov.vn/du-lieu-va-so-lieu-thong-ke/2026/01/bao-cao-tinh-hinh-kinh-te-xa-hoi-quy-iv-va-nam-2025/,"Tính chung năm 2025, tổng mức bán lẻ hàng hóa và doanh thu dịch vụ tiêu dùng theo giá hiện hành ước đạt 7.008,9 nghìn tỷ đồng, tăng 9,2% so với năm trước (năm 2024 tăng 8,9%), nếu loại trừ yếu tố giá tăng 6,7% (tương đương mức tăng năm 2024)."
2026Q1,1902.8,10.9,7.0,câu,GSO/NSO Báo cáo tình hình KT-XH quý I năm 2026,https://www.nso.gov.vn/bai-top/2026/04/bao-cao-tinh-hinh-kinh-te-xa-hoi-quy-i-nam-2026/,"Tính chung quý I/2026, tổng mức bán lẻ hàng hóa và doanh thu dịch vụ tiêu dùng theo giá hiện hành ước đạt 1.902,8 nghìn tỷ đồng, tăng 10,9% so với cùng kỳ năm trước, nếu loại trừ yếu tố giá tăng 7,0%."
2026Q2,3889.5,12.9,7.3,câu,GSO/NSO Báo cáo tình hình KT-XH quý II và 6 tháng 2026,https://www.nso.gov.vn/bai-top/2026/07/bao-cao-tinh-hinh-kinh-te-xa-hoi-quy-ii-va-sau-thang-dau-nam-2026/,"Tính chung sáu tháng đầu năm 2026, tổng mức bán lẻ hàng hóa và doanh thu dịch vụ tiêu dùng theo giá hiện hành ước đạt 3.889,5 nghìn tỷ đồng, tăng 12,9% so với cùng kỳ năm trước, nếu loại trừ yếu tố giá tăng 7,3% (cùng kỳ năm 2025 tăng 7,4%)."
