quarter,usd_index_yoy_pct,source_name,source_url,quote
2012Q1,-2.38,GSO Báo cáo tình hình KT-XH quý I năm 2012,https://www.nso.gov.vn/du-lieu-va-so-lieu-thong-ke/2019/12/tinh-hinh-kinh-te-xa-hoi-quy-i-nam-2012/,"Chỉ số giá đô la Mỹ tháng 3/2012 giảm 0,63% so với tháng trước; giảm 0,99% so với tháng 12/2011; giảm 2,38% so với cùng kỳ năm 2011."
2012Q2,1.18,GSO Báo cáo tình hình KT-XH quý II và 6 tháng năm 2012,https://www.nso.gov.vn/du-lieu-va-so-lieu-thong-ke/2019/12/tinh-hinh-kinh-te-xa-hoi-sau-thang-dau-nam-2012/,"Chỉ số giá đô la Mỹ tháng 6/2012 tăng 0,2% so với tháng trước; giảm 0,8% so với tháng 12/2011 và tăng 1,18% so với cùng kỳ năm 2011."
2012Q3,0.15,GSO Báo cáo tình hình KT-XH tháng 9 và 9 tháng năm 2012,https://www.nso.gov.vn/du-lieu-va-so-lieu-thong-ke/2019/12/tinh-hinh-kinh-te-xa-hoi-chin-thang-nam-2012/,"Chỉ số giá đô la Mỹ tháng 9/2012 tăng 0,06% so với tháng trước; giảm 0,94% so với tháng 12/2011 và tăng 0,15% so với cùng kỳ b."
2012Q4,-0.96,GSO Báo cáo tình hình KT-XH quý IV và năm 2012,https://www.nso.gov.vn/du-lieu-va-so-lieu-thong-ke/2019/12/tinh-hinh-kinh-te-xa-hoi-thang-muoi-hai-va-nam-2012/,"Chỉ số giá đô la Mỹ tháng 12/2012 tăng 0,03% so với tháng trước; giảm 0,96% so với tháng 12/2011."
2013Q1,0.39,GSO Báo cáo tình hình KT-XH quý I năm 2013,https://www.nso.gov.vn/du-lieu-va-so-lieu-thong-ke/2019/07/tinh-hinh-kinh-te-xa-hoi-quy-i-nam-2013/,"Chỉ số giá đô la Mỹ tháng 3/2013 tăng 0,41% so với tháng trước; tăng 0,36% so với tháng 12/2012; tăng 0,39% so với cùng kỳ năm 2012."
2013Q2,0.68,GSO Báo cáo tình hình KT-XH quý II và 6 tháng năm 2013,https://www.nso.gov.vn/du-lieu-va-so-lieu-thong-ke/2019/07/tinh-hinh-kinh-te-xa-hoi-sau-thang-dau-nam-2013/,"Chỉ số giá đô la Mỹ tháng 6/2013 tăng 0,26% so với tháng trước; tăng 0,84% so với tháng 12/2012; tăng 0,68% so với cùng kỳ năm 2012."
2013Q3,1.3,GSO Báo cáo tình hình KT-XH quý III và 9 tháng năm 2013,https://www.nso.gov.vn/du-lieu-va-so-lieu-thong-ke/2019/07/tinh-hinh-kinh-te-xa-hoi-chin-thang-nam-2013/,"Chỉ số giá đô la Mỹ tháng 9/2013 giảm 0,26% so với tháng trước; tăng 1,32% so với tháng 12/2012; tăng 1,3% so với cùng kỳ năm 2012."
2013Q4,1.09,GSO Báo cáo tình hình KT-XH quý IV và năm 2013,https://www.nso.gov.vn/du-lieu-va-so-lieu-thong-ke/2019/07/tinh-hinh-kinh-te-xa-hoi-nam-2013/,"Chỉ số giá đô la Mỹ tháng 12/2013 tăng 0,05% so với tháng trước; tăng 1,09% so với cùng kỳ năm 2012."
2014Q1,0.66,GSO Báo cáo tình hình KT-XH quý I năm 2014 [2850 triệu USD],https://www.nso.gov.vn/du-lieu-va-so-lieu-thong-ke/2019/07/bao-cao-tinh-hinh-kinh-te-xa-hoi-quy-i-nam-2014/,"Chỉ số giá đô la Mỹ tháng 3/2014 tăng 0,02% so với tháng trước; giảm 0,07% so với tháng 12/2013; tăng 0,66% so với cùng kỳ năm 2013."
2014Q2,0.57,GSO Báo cáo tình hình KT-XH quý II và 6 tháng năm 2014,https://www.nso.gov.vn/du-lieu-va-so-lieu-thong-ke/2019/07/tinh-hinh-kinh-te-xa-hoi-6-thang-dau-nam-2014/,"Chỉ số giá đô la Mỹ tháng 6/2014 tăng 0,49% so với tháng trước và tăng 0,57% so với cùng kỳ năm trước."
2014Q3,0.04,GSO Báo cáo tình hình KT-XH quý III và 9 tháng năm 2014,https://www.nso.gov.vn/du-lieu-va-so-lieu-thong-ke/2019/07/tinh-hinh-kinh-te-xa-hoi-9-thang-nam-2014/,"Chỉ số giá đô la Mỹ tháng 9/2014 giảm 0,15% so với tháng trước; tăng 0,27% so với tháng 12/2013 và tăng 0,04% so với cùng kỳ năm trước."
2014Q4,1.03,GSO Báo cáo tình hình KT-XH quý IV và năm 2014,https://www.nso.gov.vn/du-lieu-va-so-lieu-thong-ke/2019/07/tinh-hinh-kinh-te-xa-hoi-nam-2014/,"Chỉ số giá đô la Mỹ tháng 12/2014 tăng 0,35% so với tháng trước; tăng 1,03% so với cùng kỳ năm 2013."
2015Q1,1.29,GSO Báo cáo tình hình KT-XH quý I năm 2015 [3050 triệu USD],https://www.nso.gov.vn/du-lieu-va-so-lieu-thong-ke/2019/05/tinh-hinh-kinh-te-xa-hoi-quy-i-nam-2015/,"Chỉ số giá đô la Mỹ tháng 3/2015 tăng 0,16% so với tháng trước; tăng 0,19% so với tháng 12/2014; tăng 1,29% so với cùng kỳ năm 2014."
2015Q2,2.65,GSO Báo cáo tình hình KT-XH quý II và 6 tháng năm 2015,https://www.nso.gov.vn/du-lieu-va-so-lieu-thong-ke/2019/07/tinh-hinh-kinh-te-xa-hoi-6-thang-dau-nam-2015/,"Chỉ số giá đô la Mỹ tháng 6/2015 tăng 0,62% so với tháng trước; tăng 1,92% so với tháng 12/2014 và tăng 2,65% so với cùng kỳ năm 2014."
2015Q3,5.9,GSO Báo cáo tình hình KT-XH quý III và 9 tháng năm 2015,https://www.nso.gov.vn/du-lieu-va-so-lieu-thong-ke/2019/07/bao-cao-tinh-hinh-kinh-te-xa-hoi-9-thang-nam-2015/,"Chỉ số giá đô la Mỹ tháng 9/2015 tăng 2,71% so với tháng trước; tăng 5,1% so với tháng 12/2014 và tăng 5,9% so với cùng kỳ năm 2014."
2015Q4,5.34,GSO Báo cáo tình hình KT-XH quý IV và năm 2015,https://www.nso.gov.vn/du-lieu-va-so-lieu-thong-ke/2020/11/bao-cao-tinh-hinh-kinh-te-xa-hoi-quy-iv-va-nam-2015/,"Chỉ số giá đô la Mỹ tháng 12/2015 tăng 0,69% so với tháng trước và tăng 5,34% so với cùng kỳ năm 2014; bình quân năm 2015 tăng 3,16% so với năm 2014."
2016Q1,4.26,GSO Báo cáo tình hình KT-XH quý I năm 2016,https://www.nso.gov.vn/du-lieu-va-so-lieu-thong-ke/2020/11/bc-tinh-hinh-kinh-te-xa-hoi-quy-i-nam-2016/,"Chỉ số giá đô la Mỹ tháng 3/2016 giảm 0,38% so với tháng trước; giảm 0,84% so với tháng 12/2015; tăng 4,26% so với cùng kỳ năm 2015."
2016Q2,2.52,GSO Báo cáo tình hình KT-XH 6 tháng đầu năm 2016,https://www.nso.gov.vn/du-lieu-va-so-lieu-thong-ke/2019/05/bao-cao-tinh-hinh-kinh-te-xa-hoi-6-thang-dau-nam-2016/,"Chỉ số giá đô la Mỹ tháng 6/2016 tăng 0,09% so với tháng trước; giảm 0,80% so với tháng 12/2015 và tăng 2,52% so với cùng kỳ năm 2015."
2016Q3,-0.77,GSO Báo cáo tình hình KT-XH quý III và 9 tháng năm 2016 (page slug mislabelled 2020),https://www.nso.gov.vn/du-lieu-va-so-lieu-thong-ke/2020/11/bao-cao-tinh-hinh-kinh-te-xa-hoi-thang-quy-iii-va-9-thang-nam-2020/,"Chỉ số giá đô la Mỹ tháng 9/2016 tăng 0,07% so với tháng trước; giảm 0,99% so với tháng 12/2015 và giảm 0,77% so với cùng kỳ năm 2015."
2016Q4,0.8,GSO Báo cáo tình hình KT-XH quý IV và năm 2016 (page slug mislabelled 2020),https://www.nso.gov.vn/du-lieu-va-so-lieu-thong-ke/2020/11/bao-cao-tinh-hinh-kinh-te-xa-hoi-quy-iv-va-nam-2020/,"Chỉ số giá đô la Mỹ tháng 12/2016 tăng 1,52% so với tháng trước và tăng 0,8% so với cùng kỳ năm 2015; bình quân năm 2016 tăng 2,23% so với năm 2015."
2017Q1,1.92,GSO Báo cáo tình hình KT-XH quý I năm 2017 [3.620 triệu USD],https://www.nso.gov.vn/du-lieu-va-so-lieu-thong-ke/2019/05/bao-cao-tinh-hinh-kinh-te-xa-hoi-quy-i-nam-2017/,"Chỉ số giá đô la Mỹ tháng 3/2017 tăng 0,41% so với tháng trước; tăng 0,26% so với tháng 12/2016 và tăng 1,92% so với cùng kỳ năm 2016."
2017Q2,1.5,GSO Báo cáo tình hình KT-XH tháng 6 và 6 tháng năm 2017,https://www.nso.gov.vn/du-lieu-va-so-lieu-thong-ke/2019/10/bc-tinh-hinh-kinh-te-xa-hoi-6-thang-dau-nam-2017/,"Chỉ số giá đô la Mỹ tháng 6/2017 giảm 0,07% so với tháng trước; giảm 0,11% so với tháng 12/2016 và tăng 1,50% so với cùng kỳ năm 2016."
2017Q3,1.78,GSO Báo cáo tình hình KT-XH quý III và 9 tháng năm 2017,https://www.nso.gov.vn/du-lieu-va-so-lieu-thong-ke/2019/10/bao-cao-tinh-hinh-kinh-te-xa-hoi-9-thang-nam-2017/,"Chỉ số giá đô la Mỹ tháng 9/2017 tăng 0,03% so với tháng trước; giảm 0,03% so với tháng 12/2016 và tăng 1,78% so với cùng kỳ năm 2016."
2017Q4,-0.05,GSO Báo cáo tình hình KT-XH quý IV và năm 2017,https://www.nso.gov.vn/du-lieu-va-so-lieu-thong-ke/2019/10/bao-cao-tinh-hinh-kinh-te-xa-hoi-nam-2017/,"Chỉ số giá đô la Mỹ tháng 12/2017 tăng 0,02% so với tháng trước và giảm 0,05% so với cùng kỳ năm 2016; bình quân năm 2017 tăng 1,40% so với năm 2016."
2018Q1,-0.09,GSO Báo cáo tình hình KT-XH quý I năm 2018 [3.880 triệu USD],https://www.nso.gov.vn/du-lieu-va-so-lieu-thong-ke/2019/04/bao-cao-tinh-hinh-kinh-te-xa-hoi-quy-i-nam-2018/,"Chỉ số giá đô la Mỹ tháng 3/2018 tăng 0,27% so với tháng trước; tăng 0,22% so với tháng 12/2017 và giảm 0,09% so với cùng kỳ năm 2017."
2018Q2,0.52,GSO Báo cáo tình hình KT-XH quý II và 6 tháng năm 2018,https://www.nso.gov.vn/du-lieu-va-so-lieu-thong-ke/2019/04/bao-cao-tinh-hinh-kinh-te-xa-hoi-6-thang-dau-nam-2018/,"Chỉ số giá đô la Mỹ tháng 6/2018 tăng 0,2% so với tháng trước; tăng 0,46% so với tháng 12/2017 và tăng 0,52% so với cùng kỳ năm 2017."
2018Q3,2.57,GSO Báo cáo tình hình KT-XH quý III và 9 tháng năm 2018,https://www.nso.gov.vn/du-lieu-va-so-lieu-thong-ke/2019/04/bao-cao-tinh-hinh-kinh-te-xa-hoi-quy-iii-va-9-thang-nam-2018/,"Chỉ số giá đô la Mỹ tháng 9/2018 tăng 0,16% so với tháng trước; tăng 2,59% so với tháng 12/2017 và tăng 2,57% so với cùng kỳ năm 2017."
2018Q4,2.69,GSO Báo cáo tình hình KT-XH quý IV và năm 2018,https://www.nso.gov.vn/du-lieu-va-so-lieu-thong-ke/2019/04/thong-cao-bao-chi-ve-tinh-hinh-kinh-te-xa-hoi-quy-iv-va-nam-2018/,"Chỉ số giá đô la Mỹ tháng 12/2018 giảm 0,07% so với tháng trước và tăng 2,69% so với cùng kỳ năm 2017; bình quân năm 2018 tăng 1,29% so với năm 2017."
2019Q1,2.02,GSO Báo cáo tình hình KT-XH quý I năm 2019 [4.120 triệu USD],https://www.nso.gov.vn/du-lieu-va-so-lieu-thong-ke/2019/05/bao-cao-tinh-hinh-kinh-te-xa-hoi-quy-i-nam-2019/,"Chỉ số giá đô la Mỹ tháng 3/2019 tăng 0,05% so với tháng trước; giảm 0,44% so với tháng 12/2018 và tăng 2,02% so với cùng kỳ năm 2018."
2019Q2,2.52,GSO Báo cáo tình hình KT-XH quý II và 6 tháng năm 2019,https://www.nso.gov.vn/du-lieu-va-so-lieu-thong-ke/2019/10/bao-cao-tinh-hinh-kinh-te-xa-hoi-quy-ii-va-6-thang-dau-nam-2019/,"Chỉ số giá đô la Mỹ tháng 6/2019 tăng 0,3% so với tháng trước; tăng 0,29% so với tháng 12/2018 và tăng 2,52% so với cùng kỳ năm 2018."
2019Q3,-0.39,GSO Báo cáo tình hình KT-XH quý III và 9 tháng năm 2019,https://www.nso.gov.vn/du-lieu-va-so-lieu-thong-ke/2019/10/bao-cao-tinh-hinh-kinh-te-xa-hoi-quy-iii-va-9-thang-nam-2019/,"Chỉ số giá đô la Mỹ tháng 9/2019 giảm 0,11% so với tháng trước; giảm 0,49% so với tháng 12/2018 và giảm 0,39% so với cùng kỳ năm 2018."
2019Q4,-0.77,GSO Báo cáo tình hình KT-XH quý IV và năm 2019,https://www.nso.gov.vn/du-lieu-va-so-lieu-thong-ke/2019/12/bao-cao-tinh-hinh-kinh-te-xa-hoi-quy-iv-va-nam-2019/,"Chỉ số giá đô la Mỹ tháng 12/2019 giảm 0,19% so với tháng trước và giảm 0,77% so với cùng kỳ năm 2018; bình quân năm 2019 tăng 0,99% so với năm 2018."
2020Q1,0.17,GSO Báo cáo tình hình KT-XH quý I năm 2020,https://www.nso.gov.vn/du-lieu-va-so-lieu-thong-ke/2020/03/bao-cao-tinh-hinh-kinh-te-xa-hoi-quy-i-nam-2020/,"Chỉ số giá đô la Mỹ tháng 3/2020 tăng 0,17% so với tháng trước; tăng 0,51% so với tháng 12/2019 và tăng 0,17% so với cùng kỳ năm 2019."
2020Q2,-0.59,GSO Báo cáo tình hình KT-XH quý II và 6 tháng năm 2020,https://www.nso.gov.vn/du-lieu-va-so-lieu-thong-ke/2020/06/bao-cao-tinh-hinh-kinh-te-xa-hoi-6-thang-dau-nam-2020/,"Chỉ số giá đô la Mỹ tháng 6/2020 giảm 0,58% so với tháng trước; tăng 0,47% so với tháng 12/2019 và giảm 0,59% so với cùng kỳ năm 2019."
2020Q3,-0.17,"GSO Báo cáo tình hình KT-XH quý III và 9 tháng năm 2020 [stated as 'gần 13,8 tỷ USD']",https://www.nso.gov.vn/du-lieu-va-so-lieu-thong-ke/2020/09/tinh-hinh-kinh-te-xa-hoi-thang-9-va-9-thang-nam-2020/,"Chỉ số giá đô la Mỹ tháng 9/2020 giảm 0,05% so với tháng trước; tăng 0,12% so với tháng 12/2019 và giảm 0,17% so với cùng kỳ năm 2019."
2020Q4,-0.09,GSO Báo cáo tình hình KT-XH quý IV và năm 2020 [stated as 'gần 20 tỷ USD'],https://www.nso.gov.vn/du-lieu-va-so-lieu-thong-ke/2020/12/baocao-tinh-hinh-kinh-te-xa-hoi-quy-iv-va-nam-2020/,"Chỉ số giá đô la Mỹ tháng 12/2020 giảm 0,23% so với tháng trước và giảm 0,09% so với cùng kỳ năm 2019; bình quân năm 2020 giảm 0,02% so với năm 2019."
2021Q1,-0.7,GSO Báo cáo tình hình KT-XH quý I năm 2021,https://www.nso.gov.vn/du-lieu-va-so-lieu-thong-ke/2021/03/bao-cao-tinh-hinh-kinh-te-xa-hoi-quy-i-nam-2021/,"Chỉ số giá đô la Mỹ tháng 3/2021 tăng 0,23% so với tháng trước; giảm 0,11% so với tháng 12/2020 và giảm 0,7% so với cùng kỳ năm 2020."
2021Q2,-0.87,GSO Báo cáo tình hình KT-XH quý II và 6 tháng đầu năm 2021,https://www.nso.gov.vn/du-lieu-va-so-lieu-thong-ke/2021/06/bao-cao-tinh-hinh-kinh-te-xa-hoi-quy-ii-va-6-thang-dau-nam-2021/,"Chỉ số giá đô la Mỹ tháng 6/2021 giảm 0,3% so với tháng trước; giảm 0,32% so với tháng 12/2020 và giảm 0,87% so với cùng kỳ năm 2020."
2021Q3,-1.35,GSO Báo cáo tình hình KT-XH quý III và 9 tháng năm 2021,https://www.nso.gov.vn/du-lieu-va-so-lieu-thong-ke/2021/09/bao-cao-tinh-hinh-kinh-te-xa-hoi-quy-iii-va-9-thang-nam-2021/,"Chỉ số giá đô la Mỹ tháng 9/2021 giảm 0,48% so với tháng trước; giảm 1,14% so với tháng 12/2020 và giảm 1,35% so với cùng kỳ năm 2020 do nhu cầu mua bán ngoại tệ hạn chế trong điều kiện giãn cách xã hội kéo dài."
2021Q4,-0.58,GSO Báo cáo tình hình KT-XH quý IV và năm 2021,https://www.nso.gov.vn/du-lieu-va-so-lieu-thong-ke/2021/12/bao-cao-tinh-hinh-kinh-te-xa-hoi-quy-iv-va-nam-2021/,"Chỉ số giá đô la Mỹ tháng 12/2021 tăng 0,84% so với tháng trước; giảm 0,58% so với tháng 12/2020 và bình quân năm 2021 giảm 0,97% so với năm trước."
2022Q1,-0.43,GSO Báo cáo tình hình KT-XH quý I năm 2022,https://www.nso.gov.vn/du-lieu-va-so-lieu-thong-ke/2022/03/bao-cao-tinh-hinh-kinh-te-xa-hoi-quy-i-nam-2022/,"Chỉ số giá đô la Mỹ tháng 3/2022 tăng 0,64% so với tháng trước; giảm 0,43% so với cùng kỳ năm trước; bình quân quý I năm 2022, chỉ số giá đô la Mỹ trong nước giảm 0,67%."
2022Q2,1.23,GSO Báo cáo tình hình KT-XH quý II và 6 tháng đầu năm 2022,https://www.nso.gov.vn/du-lieu-va-so-lieu-thong-ke/2022/06/bao-cao-tinh-hinh-kinh-te-xa-hoi-quy-ii-va-6-thang-dau-nam-2022/,"Chỉ số giá đô la Mỹ tháng 6/2022 tăng 0,72% so với tháng trước và tăng 1,23% so với cùng kỳ năm 2021; bình quân 6 tháng đầu năm 2022 giảm 0,2%."
2022Q3,3.45,GSO Báo cáo tình hình KT-XH quý III và 9 tháng năm 2022,https://www.nso.gov.vn/du-lieu-va-so-lieu-thong-ke/2022/09/bao-cao-tinh-hinh-kinh-te-xa-hoi-quy-iii-va-9-thang-nam-2022/,"Chỉ số giá đô la Mỹ tháng 9/2022 tăng 0,53% so với tháng trước; tăng 2,87% so với tháng 12/2021 và tăng 3,45% so với cùng kỳ năm trước; bình quân 9 tháng năm 2022 tăng 0,7%."
2022Q4,5.0,GSO Báo cáo tình hình KT-XH quý IV và năm 2022,https://www.nso.gov.vn/du-lieu-va-so-lieu-thong-ke/2022/12/bao-cao-tinh-hinh-kinh-te-xa-hoi-quy-iv-va-nam-2022/,"Chỉ số giá đô la Mỹ tháng 12/2022 giảm 2,6% so với tháng trước và tăng 5% so với cùng kỳ năm 2021; bình quân năm 2022 tăng 2,09% so với năm trước."
2023Q1,3.5,GSO Báo cáo tình hình KT-XH quý I năm 2023,https://www.nso.gov.vn/du-lieu-va-so-lieu-thong-ke/2023/03/bao-cao-tinh-hinh-kinh-te-xa-hoi-quy-i-nam-2023/,"Chỉ số giá đô la Mỹ tháng Ba tăng 0,47% so với tháng trước; tăng 3,5% so với cùng kỳ năm trước; bình quân quý I năm 2023, chỉ số giá đô la Mỹ trong nước tăng 3,45% so với cùng kỳ năm trước."
2023Q2,1.14,GSO Báo cáo tình hình KT-XH quý II và 6 tháng đầu năm 2023,https://www.nso.gov.vn/du-lieu-va-so-lieu-thong-ke/2023/06/bao-cao-tinh-hinh-kinh-te-xa-hoi-quy-ii-va-6-thang-dau-nam-2023/,"Chỉ số giá đô la Mỹ tháng 6/2023 tăng 0,14% so với tháng trước; giảm 2,23% so với tháng 12/2022; tăng 1,14% so với cùng kỳ năm trước; bình quân 6 tháng đầu năm 2023 tăng 2,61%."
2023Q3,2.43,GSO Báo cáo tình hình KT-XH quý III và 9 tháng năm 2023,https://www.nso.gov.vn/du-lieu-va-so-lieu-thong-ke/2023/09/bao-cao-tinh-hinh-kinh-te-xa-hoi-quy-iii-va-9-thang-nam-2023/,"Chỉ số giá đô la Mỹ tháng 9/2023 tăng 1,53% so với tháng trước; tăng 0,35% so với tháng 12/2022; tăng 2,43% so với cùng kỳ năm trước; bình quân 9 tháng năm 2023 tăng 2,29% so với cùng kỳ năm trước."
2023Q4,1.04,GSO Báo cáo tình hình KT-XH quý IV và năm 2023,https://www.nso.gov.vn/bai-top/2023/12/bao-cao-tinh-hinh-kinh-te-xa-hoi-quy-iv-va-nam-2023/,"Chỉ số giá đô la Mỹ tháng 12/2023 giảm 0,56% so với tháng trước; tăng 1,04% so với cùng kỳ năm trước; bình quân năm 2023 tăng 1,86%."
2024Q1,4.32,GSO/NSO Báo cáo tình hình KT-XH quý I năm 2024,https://www.nso.gov.vn/du-lieu-va-so-lieu-thong-ke/2024/03/bao-cao-tinh-hinh-kinh-te-xa-hoi-quy-i-nam-2024/,"Chỉ số giá đô la Mỹ tháng 3/2024 tăng 0,88% so với tháng trước; tăng 1,81% so với tháng 12/2023; tăng 4,32% so với cùng kỳ năm trước; bình quân quý I/2024 tăng 3,97%."
2024Q2,7.66,GSO/NSO Báo cáo tình hình KT-XH quý II và 6 tháng đầu năm 2024,https://www.nso.gov.vn/du-lieu-va-so-lieu-thong-ke/2024/06/bao-cao-tinh-hinh-kinh-te-xa-hoi-quy-ii-va-sau-thang-dau-nam-2024/,"Chỉ số giá đô la Mỹ tháng 6/2024 giảm 0,04% so với tháng trước; tăng 4,17% so với tháng 12/2023; tăng 7,66% so với cùng kỳ năm trước; bình quân sáu tháng đầu năm 2024 tăng 5,64%."
2024Q3,2.4,GSO/NSO Báo cáo tình hình KT-XH quý III và 9 tháng năm 2024,https://www.nso.gov.vn/bai-top/2024/10/bao-cao-tinh-hinh-kinh-te-xa-hoi-quy-iii-va-9-thang-nam-2024/,"Chỉ số giá đô la Mỹ tháng 9/2024 giảm 1,79% so với tháng trước; tăng 1,7% so với tháng 12/2023; tăng 2,4% so với cùng kỳ năm trước; bình quân chín tháng năm 2024 tăng 5,46%."
2024Q4,4.31,GSO/NSO Báo cáo tình hình KT-XH quý IV và năm 2024,https://www.nso.gov.vn/bai-top/2025/01/bao-cao-tinh-hinh-kinh-te-xa-hoi-quy-iv-va-nam-2024/,"Chỉ số giá đô la Mỹ tháng 12/2024 tăng 0,09% so với tháng trước; tăng 4,31% so với cùng kỳ năm trước; bình quân năm 2024 tăng 4,91%."
2025Q1,3.4,GSO/NSO Báo cáo tình hình KT-XH quý I năm 2025,https://www.nso.gov.vn/du-lieu-va-so-lieu-thong-ke/2025/04/bao-cao-tinh-hinh-kinh-te-xa-hoi-quy-i-nam-2025/,"Chỉ số giá đô la Mỹ tháng 3/2025 tăng 0,77% so với tháng trước; tăng 3,4% so với cùng kỳ năm trước; tăng 0,92% so với tháng 12/2024; bình quân quý I/2025, chỉ số giá đô la Mỹ tăng 3,63%."
2025Q2,3.06,GSO/NSO Báo cáo tình hình KT-XH quý II và 6 tháng đầu năm 2025,https://www.nso.gov.vn/bai-top/2025/07/bao-cao-tinh-hinh-kinh-te-xa-hoi-quy-ii-va-6-thang-dau-nam-2025/,"Chỉ số giá đô la Mỹ tháng 6/2025 tăng 0,32% so với tháng trước; tăng 3,06% so với cùng kỳ năm trước; tăng 2,92% so với tháng 12/2024; bình quân quý II/2025 tăng 2,98%; bình quân sáu tháng đầu năm 2025 tăng 3,3%."
2025Q3,6.64,GSO/NSO Báo cáo tình hình KT-XH quý III và 9 tháng năm 2025,https://www.nso.gov.vn/bai-top/2025/10/bao-cao-tinh-hinh-kinh-te-xa-hoi-quy-iii-va-9-thang-nam-2025/,"Chỉ số giá đô la Mỹ tháng Chín tăng 0,30% so với tháng trước; tăng 6,64% so với cùng kỳ năm 2024; tăng 3,98% so với tháng 12/2024; bình quân chín tháng năm 2025 tăng 3,80% so với cùng kỳ năm trước."
2025Q4,3.68,GSO/NSO Báo cáo tình hình KT-XH quý IV và năm 2025,https://www.nso.gov.vn/du-lieu-va-so-lieu-thong-ke/2026/01/bao-cao-tinh-hinh-kinh-te-xa-hoi-quy-iv-va-nam-2025/,"Chỉ số giá đô la Mỹ tháng Mười Hai tăng 0,17% so với tháng trước; tăng 3,68% so với cùng kỳ năm trước; bình quân năm 2025, chỉ số giá đô la Mỹ tăng 3,92%."
2026Q1,2.25,GSO/NSO Báo cáo tình hình KT-XH quý I năm 2026,https://www.nso.gov.vn/bai-top/2026/04/bao-cao-tinh-hinh-kinh-te-xa-hoi-quy-i-nam-2026/,"Chỉ số giá đô la Mỹ tháng 3/2026 tăng 0,72% so với tháng trước; tăng 2,25% so với cùng kỳ năm trước; giảm 0,47% so với tháng 12/2025; bình quân quý I/2026, chỉ số giá đô la Mỹ tăng 2,58%."
2026Q2,0.57,GSO/NSO Báo cáo tình hình KT-XH quý II và 6 tháng 2026,https://www.nso.gov.vn/bai-top/2026/07/bao-cao-tinh-hinh-kinh-te-xa-hoi-quy-ii-va-sau-thang-dau-nam-2026/,"Chỉ số giá đô la Mỹ tháng Sáu tăng 0,11% so với tháng trước; tăng 0,57% so với cùng kỳ năm trước; giảm 0,17% so với tháng 12/2025; bình quân quý II/2026 tăng 0,93%; bình quân sáu tháng đầu năm 2026 tăng 1,75%."
